customer_id,customer_name,email,state,updated_at,ingestion_timestamp,source_file_name,source_row_number,run_id
001,John Smith,john@example.com,NY,2026-09-28,2026-09-29T14:10:46.062056+00:00,customers_day01.csv,1,20260929141046
002,Mary Jones,mary@example.com,NJ,2026-09-28,2026-09-29T14:10:46.062056+00:00,customers_day01.csv,2,20260929141046
003,Bob Brown,bob@example.com,CA,2026-09-28,2026-09-29T14:10:46.062056+00:00,customers_day01.csv,3,20260929141046
004, Alice White ,alice@example.com,TX,2026-09-28,2026-09-29T14:10:46.062056+00:00,customers_day01.csv,4,20260929141046
005,Chris Green,chris@example.com,OH,2026-09-28,2026-09-29T14:10:46.062056+00:00,customers_day01.csv,5,20260929141046
006,Sarah Black,sarah@example.com,PA,2026-09-28,2026-09-29T14:10:46.062056+00:00,customers_day01.csv,6,20260929141046
007,David King,david@example.com,VA,2026-09-28,2026-09-29T14:10:46.062056+00:00,customers_day01.csv,7,20260929141046
008,Lisa Hall,lisa@example.com,MA,2026-09-28,2026-09-29T14:10:46.062056+00:00,customers_day01.csv,8,20260929141046
009,Tom Young,tom@example.com,FL,2026-09-28,2026-09-29T14:10:46.062056+00:00,customers_day01.csv,9,20260929141046
010,Amy Lee,amy@example.com,IL,2026-09-28,2026-09-29T14:10:46.062056+00:00,customers_day01.csv,10,20260929141046
002,Mary Jones,mary@example.com,NJ,2026-09-28,2026-09-29T14:10:46.062056+00:00,customers_day01.csv,11,20260929141046
011,  Kevin Hill  ,kevin@example.com,WA,2026-09-28,2026-09-29T14:10:46.062056+00:00,customers_day01.csv,12,20260929141046
